Date,Settle,Relative Value,Settle Delta,Rel Val Delta,Signal,Profit,EC
2019-07-26,16.325,16.347499133333343,,0.8615950738095464,1.0,,
2019-07-19,16.117,15.485904059523797,0.2079999999999984,0.292811922857128,1.0,0.2079999999999984,50.44800000000003
2019-07-12,15.161,15.19309213666667,0.9560000000000013,-0.056645193333332955,-1.0,-0.9560000000000013,50.24000000000003
2019-07-05,14.918,15.249737330000002,0.24300000000000033,-0.268574806666674,-1.0,-0.24300000000000033,51.19600000000003
2019-06-28,15.253,15.518312136666676,-0.33500000000000085,0.3512095566666673,1.0,-0.33500000000000085,51.439000000000036
2019-06-21,15.29,15.167102580000009,-0.036999999999999034,0.15097550666665605,1.0,-0.036999999999999034,51.774000000000036
2019-06-14,14.803,15.016127073333353,0.4869999999999983,0.19015954285715608,1.0,0.4869999999999983,51.811000000000035
2019-06-07,15.031,14.825967530476197,-0.22799999999999976,0.22969665238095693,1.0,-0.22799999999999976,51.324000000000034
2019-05-31,14.567,14.59627087809524,0.4640000000000004,0.045495377777779566,1.0,0.4640000000000004,51.552000000000035
2019-05-24,14.52,14.55077550031746,0.0470000000000006,-0.1830193314285733,-1.0,-0.0470000000000006,51.08800000000004
2019-05-17,14.348,14.733794831746033,0.17199999999999882,0.0555880933333448,1.0,0.17199999999999882,51.13500000000004
2019-05-10,14.726,14.678206738412689,-0.3780000000000001,0.09035118412697862,1.0,-0.3780000000000001,50.963000000000044
2019-05-03,14.907,14.58785555428571,-0.18099999999999916,-0.48297781238095716,-1.0,0.18099999999999916,51.341000000000044
2019-04-26,15.002,15.070833366666667,-0.09500000000000064,-0.05628688666666548,-1.0,0.09500000000000064,51.160000000000046
2019-04-12,14.92,15.127120253333333,0.08200000000000074,0.24302943272726907,1.0,0.08200000000000074,51.06500000000005
2019-04-05,15.043,14.884090820606064,-0.12299999999999933,-0.423730440346338,-1.0,0.12299999999999933,50.98300000000005
2019-03-29,15.06,15.307821260952402,-0.017000000000001236,0.36593390428572725,1.0,-0.017000000000001236,50.86000000000005
2019-03-22,15.345,14.941887356666674,-0.28500000000000014,-0.17194653571429264,-1.0,0.28500000000000014,50.87700000000005
2019-03-15,15.253,15.113833892380967,0.09200000000000053,-0.20016052761904923,-1.0,-0.09200000000000053,50.592000000000056
2019-03-08,15.272,15.313994420000016,-0.019000000000000128,-0.5817636199999772,-1.0,0.019000000000000128,50.684000000000054
2019-03-01,15.169,15.895758039999993,0.10299999999999976,0.1199467019047642,1.0,0.10299999999999976,50.665000000000056
2019-02-22,15.914,15.77581133809523,-0.7449999999999992,-0.086807082857149,-1.0,0.7449999999999992,50.562000000000054
2019-02-15,15.743,15.862618420952378,0.17099999999999937,-0.1600002790476065,-1.0,-0.17099999999999937,49.81700000000006
2019-02-08,15.809,16.022618699999985,-0.06599999999999895,0.2762789447618843,1.0,-0.06599999999999895,49.988000000000056
2019-02-01,15.931,15.7463397552381,-0.12199999999999989,0.3172545795238051,1.0,-0.12199999999999989,50.05400000000006
2019-01-25,15.639,15.429085175714295,0.2919999999999998,-0.21656222428570437,-1.0,-0.2919999999999998,50.17600000000006
2019-01-18,15.33,15.6456474,0.3089999999999993,0.062333192727271225,1.0,0.3089999999999993,50.46800000000006
2019-01-11,15.577,15.583314207272728,-0.2469999999999999,0.2976445887013064,1.0,-0.2469999999999999,50.15900000000006
2019-01-04,15.695,15.285669618571422,-0.11800000000000033,0.5868844309523737,1.0,-0.11800000000000033,50.40600000000006
2018-12-28,15.326,14.698785187619048,0.3689999999999998,0.08493924190476321,1.0,0.3689999999999998,50.524000000000065
2018-12-21,14.583,14.613845945714285,0.7430000000000003,0.1127111752380987,1.0,0.7430000000000003,50.155000000000065
2018-12-14,14.513,14.501134770476186,0.07000000000000028,0.07305308857141846,1.0,0.07000000000000028,49.41200000000006
2018-12-07,14.572,14.428081681904768,-0.058999999999999275,0.08571820238095818,1.0,-0.058999999999999275,49.34200000000006
2018-11-30,14.094,14.34236347952381,0.47799999999999976,0.020595051428571765,1.0,0.47799999999999976,49.40100000000006
2018-11-23,14.243,14.321768428095238,-0.1490000000000009,-0.2721978138095231,-1.0,0.1490000000000009,48.92300000000006
2018-11-16,14.382,14.593966241904761,-0.13899999999999935,-0.5632380952381002,-1.0,0.13899999999999935,48.77400000000006
2018-11-09,14.14,15.157204337142861,0.2419999999999991,0.3877685799999995,1.0,0.2419999999999991,48.635000000000055
2018-11-02,14.755999999999998,14.769435757142862,-0.6159999999999979,0.030002658095229506,1.0,-0.6159999999999979,48.39300000000006
2018-10-26,14.7,14.739433099047632,0.05599999999999916,0.14786105428573215,1.0,0.05599999999999916,49.00900000000006
2018-10-19,14.65,14.5915720447619,0.049999999999998934,0.09846062380950826,1.0,0.049999999999998934,48.95300000000006
2018-10-12,14.635,14.493111420952392,0.015000000000000568,-0.011420683809520327,-1.0,-0.015000000000000568,48.90300000000006
2018-10-05,14.649,14.504532104761912,-0.013999999999999346,0.1627773376190529,1.0,-0.013999999999999346,48.91800000000006
2018-09-28,14.712,14.34175476714286,-0.06300000000000061,0.12490897380954102,1.0,-0.06300000000000061,48.93200000000006
2018-09-21,14.269,14.216845793333318,0.4429999999999996,0.055792520000002455,1.0,0.4429999999999996,48.99500000000006
2018-09-14,14.042,14.161053273333316,0.2270000000000003,-0.2409432347619127,-1.0,-0.2270000000000003,48.55200000000006
2018-09-07,14.067,14.401996508095229,-0.025000000000000355,-0.3011733255555704,-1.0,0.025000000000000355,48.77900000000007
2018-08-31,14.438,14.703169833650799,-0.37100000000000044,0.017974900000004013,1.0,-0.37100000000000044,48.75400000000007
2018-08-24,14.794,14.685194933650795,-0.35599999999999987,-0.4923733996825437,-1.0,0.35599999999999987,49.12500000000007
2018-08-17,14.630999999999998,15.177568333333339,0.16300000000000203,-0.3408329190476138,-1.0,-0.16300000000000203,48.76900000000007
2018-08-10,15.295,15.518401252380952,-0.6640000000000015,-0.08432764380954083,-1.0,0.6640000000000015,48.93200000000007
2018-08-03,15.462,15.602728896190493,-0.16699999999999982,0.0217313123809717,1.0,-0.16699999999999982,48.26800000000007
2018-07-27,15.436,15.580997583809522,0.0259999999999998,-0.2393212704762,-1.0,-0.0259999999999998,48.43500000000007
2018-07-20,15.49,15.820318854285722,-0.05400000000000027,-0.2315163504761788,-1.0,0.05400000000000027,48.46100000000008
2018-07-13,15.739,16.0518352047619,-0.24900000000000055,0.3226970214285654,1.0,-0.24900000000000055,48.407000000000075
2018-07-06,15.981,15.729138183333335,-0.2419999999999991,-0.535037249999986,-1.0,0.2419999999999991,48.65600000000008
2018-06-29,16.104,16.26417543333332,-0.12299999999999933,-0.4083007171428683,-1.0,0.12299999999999933,48.41400000000008
2018-06-22,16.459,16.67247615047619,-0.3550000000000004,-0.21506077619047304,-1.0,0.3550000000000004,48.29100000000008
2018-06-15,16.48,16.887536926666662,-0.021000000000000796,0.3164328809523944,1.0,-0.021000000000000796,47.93600000000008
2018-06-08,16.741,16.571104045714268,-0.26099999999999923,0.19761003238093977,1.0,-0.26099999999999923,47.95700000000008
2018-06-01,16.441,16.373494013333328,0.3000000000000007,0.006133605714286006,1.0,0.3000000000000007,48.218000000000075
2018-05-25,16.480999999999998,16.367360407619042,-0.03999999999999915,-0.00224164253968695,-1.0,0.03999999999999915,47.91800000000007
2018-05-18,16.387,16.36960205015873,0.09399999999999764,0.03881054269840689,1.0,0.09399999999999764,47.87800000000007
2018-05-11,16.676,16.330791507460322,-0.2889999999999979,0.061680662380950935,1.0,-0.2889999999999979,47.78400000000008
2018-05-04,16.434,16.26911084507937,0.24199999999999733,-0.566902761587297,-1.0,-0.24199999999999733,48.07300000000007
2018-04-27,16.406,16.83601360666667,0.028000000000002245,0.30164306619049697,1.0,0.028000000000002245,48.31500000000007
2018-04-20,17.147000000000002,16.53437054047617,-0.7410000000000032,0.15865879587299503,1.0,-0.7410000000000032,48.28700000000006
2018-04-13,16.628,16.375711744603176,0.5190000000000019,0.01655861873015141,1.0,0.5190000000000019,49.02800000000006
2018-04-06,16.332,16.359153125873025,0.2959999999999994,0.018811074920655813,1.0,0.2959999999999994,48.50900000000006
2018-03-23,16.53,16.34034205095237,-0.1980000000000004,-0.1306535000000153,-1.0,0.1980000000000004,48.21300000000006
2018-03-16,16.202,16.470995550952384,0.3279999999999994,0.028284249682538842,1.0,0.3279999999999994,48.01500000000006
2018-03-09,16.546,16.442711301269846,-0.34399999999999764,0.05232367936509874,1.0,-0.34399999999999764,47.687000000000054
2018-03-02,16.392,16.390387621904747,0.15399999999999991,-0.2329857590476223,-1.0,-0.15399999999999991,48.03100000000005
2018-02-23,16.484,16.62337338095237,-0.0920000000000023,0.1487775257142765,1.0,-0.0920000000000023,48.185000000000045
2018-02-16,16.712,16.474595855238093,-0.22799999999999798,-0.26298336285714186,-1.0,0.22799999999999798,48.277000000000044
2018-02-09,16.139,16.737579218095235,0.5730000000000004,-0.4508436300000156,-1.0,-0.5730000000000004,48.04900000000005
2018-02-02,16.709,17.18842284809525,-0.5700000000000003,0.2762268795238185,1.0,-0.5700000000000003,48.62200000000005
2018-01-26,17.382,16.91219596857143,-0.6730000000000018,-0.006867410952377639,-1.0,0.6730000000000018,49.19200000000005
2018-01-19,16.975,16.91906337952381,0.40700000000000003,0.16916523999999455,1.0,0.40700000000000003,48.51900000000005
2018-01-12,17.069000000000006,16.749898139523815,-0.09400000000000475,0.018774880793653637,1.0,-0.09400000000000475,48.11200000000005
2018-01-05,17.205,16.73112325873016,-0.13599999999999213,0.4961268682539668,1.0,-0.13599999999999213,48.20600000000006
2017-12-29,17.06,16.234996390476194,0.14499999999999957,0.24324930285715318,1.0,0.14499999999999957,48.342000000000056
2017-12-22,16.357,15.991747087619041,0.7029999999999994,0.19477359142854844,1.0,0.7029999999999994,48.19700000000006
2017-12-15,15.978,15.796973496190493,0.37899999999999956,-0.508844986190482,-1.0,-0.37899999999999956,47.49400000000006
2017-12-08,15.736,16.305818482380975,0.2419999999999991,-0.6020467499999747,-1.0,-0.2419999999999991,47.873000000000054
2017-12-01,16.297,16.90786523238095,-0.5609999999999999,-0.12081179428571787,-1.0,0.5609999999999999,48.11500000000005
2017-11-24,16.992,17.028677026666667,-0.6950000000000003,-0.002173981904743272,-1.0,0.6950000000000003,47.55400000000005
2017-11-17,17.373,17.03085100857141,-0.3810000000000002,-0.008249397142872539,-1.0,0.3810000000000002,46.85900000000005
2017-11-10,16.871,17.039100405714283,0.5020000000000024,0.17222980428570267,1.0,0.5020000000000024,46.47800000000005
2017-11-03,16.834,16.86687060142858,0.036999999999999034,-0.23254604333332907,-1.0,-0.036999999999999034,45.97600000000005
2017-10-27,16.752,17.09941664476191,0.08200000000000074,0.13466543333333902,1.0,0.08200000000000074,46.01300000000005
2017-10-20,17.078,16.96475121142857,-0.3260000000000005,0.07442904047621113,1.0,-0.3260000000000005,45.93100000000005
2017-10-13,17.410999999999998,16.89032217095236,-0.3329999999999984,0.0982460185713947,1.0,-0.3329999999999984,46.25700000000005
2017-10-06,16.79,16.792076152380965,0.6209999999999987,-0.22667540571427836,-1.0,-0.6209999999999987,46.590000000000046
2017-09-29,16.676,17.018751558095243,0.11400000000000077,-0.3657842971428593,-1.0,-0.11400000000000077,47.21100000000004
2017-09-22,16.903,17.384535855238102,-0.2270000000000003,-0.10225330476189498,-1.0,0.2270000000000003,47.325000000000045
2017-09-15,17.611,17.486789159999997,-0.708000000000002,0.010663780000005119,1.0,-0.708000000000002,47.09800000000004
2017-09-08,18.027,17.476125379999992,-0.41600000000000037,0.2903627880952371,1.0,-0.41600000000000037,47.80600000000004
2017-09-01,17.719,17.185762591904755,0.30799999999999983,0.1771872757142674,1.0,0.30799999999999983,48.222000000000044
2017-08-25,17.049,17.008575316190488,0.6700000000000017,0.2653484400000181,1.0,0.6700000000000017,47.914000000000044
2017-08-18,17.0,16.74322687619047,0.04899999999999949,0.31591183619048735,1.0,0.04899999999999949,47.24400000000004
2017-08-11,17.07,16.427315039999982,-0.07000000000000028,-0.14908795809526865,-1.0,0.07000000000000028,47.19500000000004
2017-08-04,16.252,16.57640299809525,0.8180000000000014,0.23709515253969116,1.0,0.8180000000000014,47.12500000000004
2017-07-28,16.695,16.33930784555556,-0.4430000000000014,0.40551401444444934,1.0,-0.4430000000000014,46.307000000000045
2017-07-21,16.41,15.93379383111111,0.28500000000000014,0.2224238349206189,1.0,0.28500000000000014,46.75000000000004
2017-07-14,15.884,15.711369996190491,0.5259999999999998,-0.6541204961904796,-1.0,-0.5259999999999998,46.465000000000046
2017-07-07,15.371,16.36549049238097,0.5129999999999999,-0.10959638761901402,-1.0,-0.5129999999999999,46.99100000000004
2017-06-30,16.567999999999998,16.475086879999985,-1.1969999999999974,-0.3854723766666801,-1.0,1.1969999999999974,47.50400000000004
2017-06-23,16.647000000000002,16.860559256666665,-0.07900000000000418,-0.31402386333332544,-1.0,0.07900000000000418,46.307000000000045
2017-06-16,16.660999999999998,17.17458311999999,-0.013999999999995794,-0.19829006666664029,-1.0,0.013999999999995794,46.22800000000004
2017-06-09,17.223,17.37287318666663,-0.5620000000000012,0.21514557333332007,1.0,-0.5620000000000012,46.21400000000004
2017-06-02,17.525,17.15772761333331,-0.3019999999999996,0.38004374285713993,1.0,-0.3019999999999996,46.77600000000004
2017-05-26,17.283,16.77768387047617,0.24199999999999733,0.38818806031744657,1.0,0.24199999999999733,47.07800000000004
2017-05-19,16.75,16.389495810158724,0.5330000000000013,0.062405016825380244,1.0,0.5330000000000013,46.83600000000004
2017-05-12,16.346,16.327090793333344,0.4039999999999999,-0.7607393399999971,-1.0,-0.4039999999999999,46.30300000000004
2017-05-05,16.215,17.08783013333334,0.13100000000000023,-0.8233065295237942,-1.0,-0.13100000000000023,46.707000000000036
2017-04-28,17.191,17.911136662857135,-0.9759999999999991,-0.008108819999996797,-1.0,0.9759999999999991,46.83800000000004
2017-04-21,17.83,17.919245482857132,-0.6389999999999993,-0.16079308666665426,-1.0,0.6389999999999993,45.86200000000004
2017-04-07,18.13,18.080038569523786,-0.3000000000000007,0.23691679619046369,1.0,-0.3000000000000007,45.22300000000004
2017-03-31,18.235,17.843121773333323,-0.10500000000000043,0.5441964304761946,1.0,-0.10500000000000043,45.52300000000004
2017-03-24,17.72,17.298925342857128,0.5150000000000006,0.15890559999997222,1.0,0.5150000000000006,45.62800000000004
2017-03-17,17.379,17.140019742857156,0.3409999999999975,-0.7162909771428403,-1.0,-0.3409999999999975,45.11300000000004
2017-03-10,16.883,17.856310719999996,0.4960000000000022,-0.0763502533333309,-1.0,-0.4960000000000022,45.454000000000036
2017-03-03,17.697,17.932660973333327,-0.8140000000000001,0.12321842666666072,1.0,-0.8140000000000001,45.95000000000004
2017-02-24,18.339,17.809442546666666,-0.6419999999999995,0.39306229333334386,1.0,-0.6419999999999995,46.76400000000004
2017-02-17,18.03,17.416380253333323,0.3089999999999975,-0.01864731999998881,-1.0,-0.3089999999999975,47.406000000000034
2017-02-10,17.933,17.43502757333331,0.09700000000000131,0.3031472133333146,1.0,0.09700000000000131,47.71500000000003
2017-02-03,17.479,17.131880359999997,0.4540000000000006,0.19944192666667604,1.0,0.4540000000000006,47.61800000000003
2017-01-27,17.1,16.93243843333332,0.3789999999999978,0.11607101190476854,1.0,0.3789999999999978,47.16400000000003
2017-01-20,16.997,16.816367421428552,0.10300000000000153,0.3389641690476104,1.0,0.10300000000000153,46.78500000000003
2017-01-13,16.72,16.47740325238094,0.277000000000001,0.310777085714264,1.0,0.277000000000001,46.68200000000003
2017-01-06,16.465999999999998,16.166626166666678,0.25400000000000134,0.2280538611111318,1.0,0.25400000000000134,46.40500000000003
2016-12-30,15.936,15.938572305555546,0.5299999999999976,-0.3130736363492126,-1.0,-0.5299999999999976,46.151000000000025
2016-12-23,15.704,16.25164594190476,0.23199999999999932,-0.7123373533333357,-1.0,-0.23199999999999932,46.681000000000026
2016-12-16,16.153,16.963983295238094,-0.44899999999999807,0.47235660190475315,1.0,-0.44899999999999807,46.913000000000025
2016-12-09,16.897000000000002,16.49162669333334,-0.7440000000000033,0.2752322114285839,1.0,-0.7440000000000033,47.36200000000002
2016-12-02,16.753,16.216394481904757,0.1440000000000019,-0.49175002476190954,-1.0,-0.1440000000000019,48.10600000000002
2016-11-25,16.47,16.708144506666667,0.28300000000000125,-0.5302955447618949,-1.0,-0.28300000000000125,48.25000000000002
2016-11-18,16.624000000000002,17.23844005142856,-0.15400000000000347,-0.08210869523808739,-1.0,0.15400000000000347,48.53300000000002
2016-11-11,17.382,17.32054874666665,-0.7579999999999991,-0.12254664285714156,-1.0,0.7579999999999991,48.37900000000002
2016-11-04,18.371,17.44309538952379,-0.9889999999999972,0.23669180952380486,1.0,-0.9889999999999972,47.621000000000016
2016-10-28,17.796,17.206403579999986,0.5749999999999993,-0.06051939333332257,-1.0,-0.5749999999999993,48.610000000000014
2016-10-21,17.493,17.26692297333331,0.3030000000000008,0.007776804761881806,1.0,0.3030000000000008,49.18500000000002
2016-10-14,17.441,17.259146168571426,0.0519999999999996,-1.2219033114285551,-1.0,-0.0519999999999996,48.88200000000002
2016-10-07,17.38,18.48104947999998,0.06099999999999994,-0.20764098666667508,-1.0,-0.06099999999999994,48.93400000000002
2016-09-30,19.214,18.688690466666657,-1.8339999999999996,-0.1607465999999782,-1.0,1.8339999999999996,48.99500000000002
2016-09-23,19.733,18.849437066666635,-0.5190000000000019,0.0013855333333161468,1.0,-0.5190000000000019,47.161000000000016
2016-09-16,18.781,18.84805153333332,0.9520000000000017,-0.3044188666666656,-1.0,-0.9520000000000017,47.68000000000002
2016-09-09,19.282,19.152470399999984,-0.5010000000000012,0.3326851999999896,1.0,-0.5010000000000012,48.63200000000002
2016-09-02,19.276,18.819785199999995,0.006000000000000227,-0.34519420000001944,-1.0,-0.006000000000000227,49.133000000000024
2016-08-26,18.651,19.164979400000014,0.625,-0.201531679999988,-1.0,-0.625,49.139000000000024
2016-08-19,19.317,19.366511080000002,-0.6660000000000004,-0.4848120400000049,-1.0,0.6660000000000004,49.764000000000024
2016-08-12,19.703,19.851323120000007,-0.38599999999999923,-0.20311727999999718,-1.0,0.38599999999999923,49.09800000000003
2016-08-05,19.817,20.054440400000004,-0.11400000000000077,0.38164439999995636,1.0,-0.11400000000000077,48.71200000000003
2016-07-29,20.347,19.672796000000048,-0.5300000000000011,-0.30265771999996005,-1.0,0.5300000000000011,48.826000000000036
2016-07-22,19.657,19.975453720000008,0.6900000000000013,0.1401257999999892,1.0,0.6900000000000013,48.296000000000035
2016-07-15,20.125,19.83532792000002,-0.46799999999999997,0.7632653599999877,1.0,-0.46799999999999997,47.60600000000004
2016-07-08,20.058,19.07206256000003,0.06700000000000017,1.1675276000000245,1.0,0.06700000000000017,48.074000000000034
2016-07-01,19.544,17.904534960000007,0.5139999999999993,0.20204214666668463,1.0,0.5139999999999993,48.00700000000003
2016-06-24,17.789,17.702492813333322,1.754999999999999,0.39248193333330406,1.0,1.754999999999999,47.49300000000004
2016-06-17,17.410999999999998,17.310010880000018,0.37800000000000367,0.5202442933333558,1.0,0.37800000000000367,45.73800000000004
2016-06-10,17.33,16.789766586666662,0.08099999999999952,0.23400278476190906,1.0,0.08099999999999952,45.36000000000004
2016-06-03,16.365,16.555763801904753,0.9649999999999999,-0.08561655809525348,-1.0,-0.9649999999999999,45.27900000000004
2016-05-27,16.269000000000002,16.641380360000007,0.09599999999999653,-0.549840840000023,-1.0,-0.09599999999999653,46.244000000000035
2016-05-20,16.519000000000002,17.19122120000003,-0.25,-0.1654277333333205,-1.0,0.25,46.34000000000003
2016-05-13,17.115,17.35664893333335,-0.5959999999999965,-0.009855028571418956,-1.0,0.5959999999999965,46.09000000000003
2016-05-06,17.507,17.36650396190477,-0.392000000000003,0.3543968257142964,1.0,-0.392000000000003,45.494000000000035
2016-04-29,17.789,17.012107136190473,-0.28200000000000003,0.22031449619044707,1.0,-0.28200000000000003,45.88600000000004
2016-04-22,16.896,16.791792640000025,0.8930000000000007,0.6247648933333636,1.0,0.8930000000000007,46.168000000000035
2016-04-15,16.309,16.167027746666662,0.5869999999999997,0.4934482733333265,1.0,0.5869999999999997,45.275000000000034
2016-04-08,15.382,15.673579473333335,0.9270000000000014,0.2668287657142887,1.0,0.9270000000000014,44.68800000000004
2016-04-01,15.042,15.406750707619047,0.33999999999999986,-0.1382994876190473,-1.0,-0.33999999999999986,43.76100000000004
2016-03-18,15.806,15.545050195238094,-0.7639999999999993,-0.00696163142857209,-1.0,0.7639999999999993,44.10100000000004
2016-03-11,15.607,15.552011826666666,0.19899999999999984,-0.4991243695238001,-1.0,-0.19899999999999984,43.33700000000004
2016-03-04,15.681,16.051136196190466,-0.07399999999999984,0.05234169619047613,1.0,-0.07399999999999984,43.53600000000004
2016-02-26,14.689,15.99879449999999,0.9919999999999991,-0.09254559333333212,-1.0,-0.9919999999999991,43.610000000000035
2016-02-19,15.373,16.091340093333322,-0.6839999999999993,0.5745633393939364,1.0,-0.6839999999999993,44.60200000000003
2016-02-12,15.79,15.516776753939386,-0.4169999999999998,1.1294401939393897,1.0,-0.4169999999999998,45.28600000000003
2016-02-05,14.778,14.387336559999996,1.0119999999999987,0.151996439999996,1.0,1.0119999999999987,45.70300000000003
2016-01-29,14.243,14.23534012,0.5350000000000001,0.09513073333333288,1.0,0.5350000000000001,44.69100000000003
2016-01-22,14.043,14.140209386666667,0.20000000000000107,0.083593066666662,1.0,0.20000000000000107,44.15600000000003
2016-01-15,13.884,14.056616320000005,0.15899999999999892,0.10845829333333334,1.0,0.15899999999999892,43.956000000000024
2016-01-08,13.908,13.948158026666672,-0.023999999999999133,-0.05121495857141234,-1.0,0.023999999999999133,43.797000000000025
2015-12-18,14.08,13.999372985238084,-0.1720000000000006,-0.2546273747619239,-1.0,0.1720000000000006,43.773000000000025
2015-12-11,13.859000000000002,14.254000360000008,0.2209999999999983,0.015816352380957355,1.0,0.2209999999999983,43.60100000000003
2015-12-04,14.505,14.23818400761905,-0.645999999999999,-0.010919241904758792,-1.0,0.645999999999999,43.38000000000003
2015-11-27,14.008,14.24910324952381,0.49700000000000166,-0.18518278476190986,-1.0,-0.49700000000000166,42.73400000000003
2015-11-20,14.095999999999998,14.43428603428572,-0.08799999999999919,-1.0306506412698457,-1.0,0.08799999999999919,43.23100000000003
2015-11-13,14.204,15.464936675555565,-0.10800000000000232,-0.39294922333331606,-1.0,0.10800000000000232,43.14300000000003
2015-11-06,14.691,15.857885898888881,-0.4870000000000001,-0.19856805619048146,-1.0,0.4870000000000001,43.035000000000025
2015-10-30,15.567,16.056453955079363,-0.8759999999999994,-0.3558397996825491,-1.0,0.8759999999999994,42.54800000000002
2015-10-23,15.827,16.41229375476191,-0.2599999999999998,0.5345627923809513,1.0,-0.2599999999999998,41.672000000000025
2015-10-16,16.114,15.87773096238096,-0.2870000000000008,0.5273847095238064,1.0,-0.2870000000000008,41.93200000000002
2015-10-09,15.818,15.350346252857154,0.29600000000000115,0.6244482161904941,1.0,0.29600000000000115,42.21900000000002
2015-10-02,15.263,14.72589803666666,0.5549999999999997,-0.373935829523802,-1.0,-0.5549999999999997,41.92300000000002
2015-09-25,15.106,15.099833866190462,0.15700000000000003,0.5040113357142779,1.0,0.15700000000000003,42.47800000000002
2015-09-18,15.154000000000002,14.595822530476184,-0.04800000000000182,-0.34583881380952697,-1.0,0.04800000000000182,42.321000000000026
2015-09-11,14.49,14.941661344285711,0.6640000000000015,0.3127823695237968,1.0,0.6640000000000015,42.273000000000025
2015-09-04,14.544,14.628878974761914,-0.05400000000000027,-0.7883179423520925,-1.0,0.05400000000000027,41.60900000000002
2015-08-28,14.535,15.417196917114007,0.009000000000000341,-0.046083790505038635,-1.0,-0.009000000000000341,41.55500000000002
2015-08-21,15.300999999999998,15.463280707619045,-0.7659999999999982,0.4866361476190555,1.0,-0.7659999999999982,41.56400000000002
2015-08-14,15.213,14.97664455999999,0.08799999999999919,0.17556136952380896,1.0,0.08799999999999919,42.33000000000002
2015-08-07,14.821,14.80108319047618,0.39199999999999946,-0.0011045828571329963,-1.0,-0.39199999999999946,42.24200000000002
2015-07-31,14.745,14.802187773333314,0.07600000000000051,-0.3126664133333552,-1.0,-0.07600000000000051,42.63400000000002
2015-07-24,14.477,15.114854186666669,0.2679999999999989,0.10253047619047884,1.0,0.2679999999999989,42.71000000000002
2015-07-17,14.82,15.01232371047619,-0.34299999999999997,-0.09990079809523955,-1.0,0.34299999999999997,42.44200000000002
2015-07-10,15.468,15.11222450857143,-0.6479999999999997,-0.8948714514285783,-1.0,0.6479999999999997,42.09900000000002
2015-06-26,15.735,16.007095960000008,-0.26699999999999946,0.338376706666665,1.0,-0.26699999999999946,41.45100000000002
2015-06-19,16.109,15.668719253333343,-0.37400000000000233,-0.397211936666654,-1.0,0.37400000000000233,41.718000000000025
2015-06-12,15.825,16.065931189999997,0.2840000000000025,-0.6863905680952342,-1.0,-0.2840000000000025,41.34400000000002
2015-06-05,15.984000000000002,16.75232175809523,-0.15900000000000247,-0.28922047682540963,-1.0,0.15900000000000247,41.62800000000003
2015-05-29,16.701,17.04154223492064,-0.7169999999999987,-0.10891443333333584,-1.0,0.7169999999999987,41.46900000000002
2015-05-22,17.03,17.150456668253977,-0.3290000000000006,0.8421208717460367,1.0,-0.3290000000000006,40.752000000000024
2015-05-15,17.545,16.30833579650794,-0.5150000000000006,-0.02099995285714229,-1.0,0.5150000000000006,41.081000000000024
2015-05-08,16.442,16.329335749365082,1.1030000000000015,0.24256803746034095,1.0,1.1030000000000015,40.566000000000024
2015-05-01,16.111,16.08676771190474,0.3309999999999995,-0.05310957476191902,-1.0,-0.3309999999999995,39.46300000000002
2015-04-24,15.630999999999998,16.13987728666666,0.4800000000000022,-0.2010071684127155,-1.0,-0.4800000000000022,39.794000000000025
2015-04-17,16.221,16.340884455079376,-0.5900000000000016,-0.3677429882539798,-1.0,0.5900000000000016,40.27400000000003
2015-04-10,16.37,16.708627443333356,-0.1490000000000009,0.3552455238095398,1.0,-0.1490000000000009,39.684000000000026
2015-03-27,17.052,16.353381919523816,-0.6819999999999986,0.2222451928571445,1.0,-0.6819999999999986,39.83300000000003
2015-03-20,16.867,16.13113672666667,0.18499999999999872,0.190034572380954,1.0,0.18499999999999872,40.51500000000003
2015-03-13,15.477,15.941102154285717,1.3900000000000006,-0.4532205038095132,-1.0,-1.3900000000000006,40.33000000000003
2015-03-06,15.784,16.39432265809523,-0.3070000000000004,0.031440874444434996,1.0,-0.3070000000000004,41.72000000000003
2015-02-27,16.512999999999998,16.362881783650796,-0.7289999999999974,-0.38048080301584974,-1.0,0.7289999999999974,42.02700000000003
2015-02-20,16.273,16.743362586666645,0.23999999999999844,-0.3425709500000025,-1.0,-0.23999999999999844,41.29800000000003
2015-02-13,17.294,17.085933536666648,-1.0210000000000008,-0.36141783666668914,-1.0,1.0210000000000008,41.538000000000025
2015-02-06,16.694000000000006,17.447351373333337,0.5999999999999943,-0.24950474333335748,-1.0,-0.5999999999999943,40.517000000000024
2015-01-30,17.208,17.696856116666694,-0.5139999999999922,0.31701922666671933,1.0,-0.5139999999999922,41.11700000000002
2015-01-23,18.284,17.379836889999975,-1.0760000000000005,0.754467151428539,1.0,-1.0760000000000005,41.63100000000001
2015-01-16,17.739,16.625369738571436,0.5449999999999982,0.24627536063492528,1.0,0.5449999999999982,42.70700000000001
2015-01-09,16.386,16.37909437793651,1.3530000000000015,0.08299902285714467,1.0,1.3530000000000015,42.16200000000001
2015-01-02,15.734000000000002,16.296095355079366,0.6519999999999975,0.22059552650793535,1.0,0.6519999999999975,40.80900000000001
2014-12-26,16.112000000000002,16.07549982857143,-0.3780000000000001,-0.5214652720634803,-1.0,0.3780000000000001,40.15700000000002
2014-12-19,15.991,16.59696510063491,0.12100000000000222,0.08767567111108931,1.0,0.12100000000000222,39.77900000000002
2014-12-12,17.019000000000002,16.50928942952382,-1.0280000000000022,-0.0829008774603146,-1.0,1.0280000000000022,39.658000000000015
2014-12-05,16.195999999999998,16.592190306984136,0.823000000000004,0.22957067285714317,1.0,0.823000000000004,38.63000000000001
2014-11-28,15.489,16.362619634126993,0.7069999999999972,0.2821639180952502,1.0,0.7069999999999972,37.807
2014-11-21,16.395,16.080455716031743,-0.9059999999999988,0.3959242709523636,1.0,-0.9059999999999988,37.1
2014-11-14,16.314,15.68453144507938,0.08099999999999952,-1.1137199538095288,-1.0,-0.08099999999999952,38.006
2014-11-07,15.714,16.798251398888908,0.5999999999999996,-0.5766545011110971,-1.0,-0.5999999999999996,38.086999999999996
2014-10-31,16.105999999999998,17.374905900000005,-0.3919999999999977,-0.7524452022222228,-1.0,0.3919999999999977,38.687
2014-10-24,17.182000000000002,18.127351102222228,-1.076000000000004,1.049428035555561,1.0,-1.076000000000004,38.295
2014-10-17,17.331,17.077923066666667,-0.14899999999999736,-0.3695611488888879,-1.0,0.14899999999999736,39.37100000000001
2014-10-10,17.303,17.447484215555555,0.027999999999998693,-0.05506993476190303,-1.0,-0.027999999999998693,39.222000000000016
2014-10-03,16.826,17.502554150317458,0.4770000000000003,-0.3810688033333314,-1.0,-0.4770000000000003,39.250000000000014
2014-09-26,17.537,17.88362295365079,-0.7109999999999985,-0.29035410634919856,-1.0,0.7109999999999985,39.72700000000002
2014-09-19,17.781,18.173977059999988,-0.24399999999999977,-0.3493115066666803,-1.0,0.24399999999999977,39.01600000000002
2014-09-12,18.546,18.52328856666667,-0.7650000000000006,-0.671077873333342,-1.0,0.7650000000000006,38.77200000000002
2014-09-05,19.082,19.19436644000001,-0.5360000000000014,-0.35105558666665715,-1.0,0.5360000000000014,38.00700000000002
2014-08-29,19.398,19.545422026666667,-0.31599999999999895,-0.292298843333338,-1.0,0.31599999999999895,37.47100000000002
2014-08-22,19.386,19.837720870000005,0.012000000000000455,-0.3850780166666681,-1.0,-0.012000000000000455,37.155000000000015
2014-08-15,19.525,20.222798886666673,-0.13899999999999935,-0.48811504000001804,-1.0,0.13899999999999935,37.167000000000016
2014-08-08,19.941,20.71091392666669,-0.41600000000000037,-0.03843975999994953,-1.0,0.41600000000000037,37.02800000000002
2014-08-01,20.371,20.74935368666664,-0.4299999999999997,-0.1972208542857281,-1.0,0.4299999999999997,36.612000000000016
2014-07-25,20.588,20.94657454095237,-0.2170000000000023,-0.21109092190475565,-1.0,0.2170000000000023,36.182000000000016
2014-07-18,20.838,21.157665462857125,-0.25,0.009176620952359826,1.0,-0.25,35.96500000000001
2014-07-11,21.411,21.148488841904765,-0.5730000000000004,0.06914236809523899,1.0,-0.5730000000000004,36.21500000000001
2014-06-27,21.077,21.079346473809526,0.33399999999999963,1.2906176104761862,1.0,0.33399999999999963,36.78800000000001
2014-06-20,20.949,19.78872886333334,0.1280000000000001,0.5814758866666558,1.0,0.1280000000000001,36.45400000000001
2014-06-13,19.655,19.207252976666684,1.2940000000000005,0.136872910000001,1.0,1.2940000000000005,36.32600000000001
2014-06-06,18.991,19.070380066666683,0.6640000000000015,-0.2129168714285683,-1.0,-0.6640000000000015,35.03200000000001
2014-05-30,18.682,19.28329693809525,0.30900000000000105,-0.16298155714284945,-1.0,-0.30900000000000105,35.69600000000001
2014-05-23,19.388,19.4462784952381,-0.7060000000000031,-0.10474087619047978,-1.0,0.7060000000000031,36.00500000000001
2014-05-16,19.292,19.55101937142858,0.09600000000000009,0.05573369476189782,1.0,0.09600000000000009,35.29900000000001
2014-05-09,19.077,19.495285676666683,0.21499999999999986,-0.12494751952380412,-1.0,-0.21499999999999986,35.203
2014-05-02,19.492,19.620233196190487,-0.41499999999999915,0.09515010309523575,1.0,-0.41499999999999915,35.418
2014-04-25,19.685,19.52508309309525,-0.19299999999999784,-0.37438059976190274,-1.0,0.19299999999999784,35.833
2014-04-11,19.933,19.899463692857154,-0.2480000000000011,-0.5269380633333149,-1.0,0.2480000000000011,35.64
2014-04-04,19.927,20.42640175619047,0.006000000000000227,0.20903291952381053,1.0,0.006000000000000227,35.391999999999996
2014-03-28,19.772,20.217368836666658,0.15500000000000114,-0.9778651119047588,-1.0,-0.15500000000000114,35.385999999999996
2014-03-21,20.286,21.195233948571417,-0.5140000000000029,-0.05071110285715008,-1.0,0.5140000000000029,35.541
2014-03-14,21.384,21.245945051428567,-1.097999999999999,-0.0016992742857233623,-1.0,1.097999999999999,35.026999999999994
2014-03-07,20.897,21.24764432571429,0.4870000000000019,-0.3714351295238316,-1.0,-0.4870000000000019,33.928999999999995
2014-02-28,21.204,21.619079455238122,-0.30700000000000216,0.4335831200000264,1.0,-0.30700000000000216,34.416
2014-02-21,21.782,21.185496335238096,-0.5779999999999994,1.2112915085714278,1.0,-0.5779999999999994,34.723
2014-02-14,21.421,19.974204826666668,0.36100000000000065,0.5800790152380948,1.0,0.36100000000000065,35.301
2014-02-07,19.936,19.394125811428573,1.4849999999999994,-0.42338528476190973,-1.0,-1.4849999999999994,34.94
2014-01-31,19.12,19.817511096190483,0.815999999999999,-0.3460727338095104,-1.0,-0.815999999999999,36.425
2014-01-24,19.743,20.163583829999993,-0.6229999999999976,0.06662752999999455,1.0,-0.6229999999999976,37.24099999999999
2014-01-17,20.267,20.0969563,-0.5240000000000009,0.14365074000000178,1.0,-0.5240000000000009,37.86399999999999
2014-01-10,20.201,19.953305559999997,0.06599999999999895,0.0379689799999916,1.0,0.06599999999999895,38.38799999999999
2014-01-03,20.182,19.915336580000005,0.019000000000001904,0.24900619833332627,1.0,0.019000000000001904,38.32199999999999
2013-12-27,20.013,19.66633038166668,0.16899999999999693,-0.1507745247618928,-1.0,-0.16899999999999693,38.30299999999998
2013-12-20,19.418,19.817104906428572,0.5950000000000024,0.10284403023808864,1.0,0.5950000000000024,38.47199999999998
2013-12-13,19.559,19.714260876190483,-0.1410000000000018,-0.03730868404760557,-1.0,0.1410000000000018,37.87699999999998
2013-12-06,19.465,19.75156956023809,0.0940000000000012,-0.3223324350000141,-1.0,-0.0940000000000012,37.73599999999998
2013-11-29,19.981,20.073901995238103,-0.5160000000000018,-0.2636322447619186,-1.0,0.5160000000000018,37.829999999999984
2013-11-22,19.862,20.33753424000002,0.11900000000000333,-0.7725262399999693,-1.0,-0.11900000000000333,37.31399999999998
2013-11-15,20.727,21.11006047999999,-0.865000000000002,-0.8285284819047583,-1.0,0.865000000000002,37.432999999999986
2013-11-08,21.32,21.93858896190475,-0.593,-0.39591236000001473,-1.0,0.593,36.567999999999984
2013-11-01,21.84,22.334501321904764,-0.5199999999999996,0.36636525523806185,1.0,-0.5199999999999996,35.97499999999998
2013-10-25,22.64,21.968136066666702,-0.8000000000000007,-0.1443073066666294,-1.0,0.8000000000000007,36.494999999999976
2013-10-18,21.915,22.11244337333333,0.7250000000000014,-0.5494934171428625,-1.0,-0.7250000000000014,35.69499999999997
2013-10-11,21.26,22.661936790476194,0.6549999999999976,0.5812293304762299,1.0,0.6549999999999976,36.41999999999997
2013-10-04,21.755,22.080707459999964,-0.49499999999999744,-0.13386900190480233,-1.0,0.49499999999999744,35.76499999999998
2013-09-27,21.83,22.214576461904766,-0.07499999999999929,0.40375982857141324,1.0,-0.07499999999999929,35.26999999999998
2013-09-20,21.875,21.810816633333353,-0.045000000000001705,1.3301003333333483,1.0,-0.045000000000001705,35.344999999999985
2013-09-13,21.67,20.480716300000005,0.2049999999999983,-0.17547864333334573,-1.0,-0.2049999999999983,35.389999999999986
2013-09-06,23.845,20.65619494333335,-2.174999999999997,-2.0355396928571423,-1.0,2.174999999999997,35.594999999999985
2013-08-30,23.465,22.691734636190493,0.379999999999999,0.9986111428571398,1.0,0.379999999999999,33.41999999999999
2013-08-23,23.74,21.693123493333353,-0.2749999999999986,0.5170111666666806,1.0,-0.2749999999999986,33.039999999999985
2013-08-16,23.325,21.176112326666672,0.41499999999999915,1.3820553200000134,1.0,0.41499999999999915,33.31499999999998
2013-08-09,20.41,19.79405700666666,2.914999999999999,-0.10194174476193751,-1.0,-2.914999999999999,32.899999999999984
2013-08-02,19.915,19.895998751428596,0.495000000000001,0.028766158095265837,1.0,0.495000000000001,35.81499999999998
2013-07-26,19.765,19.86723259333333,0.14999999999999858,0.2418945714285563,1.0,0.14999999999999858,35.319999999999986
2013-07-19,19.45,19.625338021904774,0.3150000000000013,0.5226311219047801,1.0,0.3150000000000013,35.16999999999999
2013-07-12,19.78,19.102706899999994,-0.33000000000000185,-0.11453298761908215,-1.0,0.33000000000000185,34.85499999999999
2013-07-05,18.725,19.217239887619076,1.0549999999999997,-0.7789713457142575,-1.0,-1.0549999999999997,34.524999999999984
2013-06-28,19.45,19.996211233333334,-0.7249999999999979,-2.930475533333386,-1.0,0.7249999999999979,35.579999999999984
2013-06-21,19.96,22.92668676666672,-0.5100000000000016,-0.009098593333302318,-1.0,0.5100000000000016,34.85499999999999
2013-06-14,21.955,22.935785360000022,-1.9949999999999974,1.1582181666666855,1.0,-1.9949999999999974,34.34499999999999
2013-06-07,21.745,21.777567193333336,0.2099999999999973,-0.27229108666667656,-1.0,-0.2099999999999973,36.33999999999999
2013-05-31,22.245,22.049858280000013,-0.5,-0.8931786199999827,-1.0,0.5,36.54999999999998
2013-05-24,22.485,22.943036899999996,-0.23999999999999844,-1.3063050000000018,-1.0,0.23999999999999844,36.04999999999998
2013-05-17,22.34,24.249341899999997,0.14499999999999957,-0.10495936666669436,-1.0,-0.14499999999999957,35.80999999999999
2013-05-10,23.635,24.354301266666692,-1.2950000000000017,0.1482717333333845,1.0,-1.2950000000000017,35.954999999999984
2013-05-03,23.975,24.206029533333307,-0.33999999999999986,0.47210153333329075,1.0,-0.33999999999999986,37.249999999999986
2013-04-26,23.758000000000006,23.733928000000017,0.2169999999999952,-1.3015215999999512,-1.0,-0.2169999999999952,37.58999999999999
2013-04-19,22.955,25.035449599999968,0.8030000000000079,-1.2312754333333231,-1.0,-0.8030000000000079,37.80699999999999
2013-04-12,26.322,26.26672503333329,-3.367000000000001,-0.6884568666666482,-1.0,3.367000000000001,38.61
2013-04-05,27.201,26.95518189999994,-0.8790000000000013,-0.32049328333337357,-1.0,0.8790000000000013,35.242999999999995
2013-03-22,28.665,27.275675183333313,-1.4639999999999986,0.2868981166666664,1.0,-1.4639999999999986,34.36399999999999
2013-03-15,28.82,26.988777066666646,-0.15500000000000114,-0.8213634333333708,-1.0,0.15500000000000114,35.82799999999999
2013-03-08,28.91,27.810140500000017,-0.08999999999999986,0.42224865000001444,1.0,-0.08999999999999986,35.67299999999999
2013-03-01,28.45,27.387891850000003,0.46000000000000085,-0.8789366333333284,-1.0,-0.46000000000000085,35.762999999999984
2013-02-22,28.46,28.26682848333333,-0.010000000000001563,-2.621720083333269,-1.0,0.010000000000001563,36.222999999999985
2013-02-15,29.85,30.8885485666666,-1.3900000000000006,-1.4913203000000692,-1.0,1.3900000000000006,36.21299999999998
2013-02-08,31.44,32.37986886666667,-1.5899999999999999,1.12863986666666,1.0,-1.5899999999999999,34.82299999999998
2013-02-01,31.96,31.25122900000001,-0.5199999999999996,0.12561518000002536,1.0,-0.5199999999999996,36.41299999999998
2013-01-25,31.18,31.125613819999984,0.7800000000000011,0.2536193866666636,1.0,0.7800000000000011,36.932999999999986
2013-01-18,31.902,30.87199443333332,-0.7220000000000013,0.40034247142860835,1.0,-0.7220000000000013,36.152999999999984
2013-01-11,30.367,30.471651961904712,1.5350000000000001,0.19946216190471233,1.0,1.5350000000000001,36.874999999999986
2013-01-04,29.896,30.2721898,0.4710000000000001,-0.3008902999999741,-1.0,-0.4710000000000001,35.33999999999999
2012-12-28,29.92,30.573080099999974,-0.02400000000000091,-2.0794154428572433,-1.0,0.02400000000000091,35.81099999999999
2012-12-21,30.145,32.65249554285722,-0.22499999999999787,-0.4772186571427923,-1.0,0.22499999999999787,35.78699999999999
2012-12-14,32.225,33.12971420000001,-2.080000000000002,-0.06706365714287443,-1.0,2.080000000000002,35.562
2012-12-07,33.055,33.196777857142884,-0.8299999999999983,0.6434513238095079,1.0,-0.8299999999999983,33.482
2012-11-30,33.205,32.553326533333376,-0.14999999999999858,0.06695793333334876,1.0,-0.14999999999999858,34.312
2012-11-23,34.115,32.48636860000003,-0.9100000000000037,0.925530700000099,1.0,-0.9100000000000037,34.461999999999996
2012-11-16,32.37,31.560837899999928,1.7450000000000045,0.3429712952380761,1.0,1.7450000000000045,35.372
2012-11-09,32.6,31.217866604761852,-0.23000000000000398,-0.15951315523813392,-1.0,0.23000000000000398,33.626999999999995
2012-11-02,30.86,31.377379759999986,1.740000000000002,-1.4848251733333875,-1.0,-1.740000000000002,33.39699999999999
2012-10-26,32.035,32.86220493333337,-1.1749999999999972,-0.6333243904761829,-1.0,1.1749999999999972,35.13699999999999
2012-10-19,32.1,33.495529323809556,-0.06500000000000483,-0.4696100095238478,-1.0,0.06500000000000483,33.961999999999996
2012-10-12,33.67,33.965139333333404,-1.5700000000000003,0.29921177619050354,1.0,-1.5700000000000003,33.89699999999999
2012-10-05,34.575,33.6659275571429,-0.9050000000000011,-0.16826058095239915,-1.0,0.9050000000000011,35.46699999999999
2012-09-28,34.58,33.8341881380953,-0.0049999999999954525,-0.12488886666665167,-1.0,0.0049999999999954525,34.56199999999999
2012-09-21,34.57,33.95907700476195,0.00999999999999801,1.1567347380952242,1.0,0.00999999999999801,34.556999999999995
2012-09-14,34.605,32.80234226666673,-0.03499999999999659,1.5880806352381533,1.0,-0.03499999999999659,34.547
2012-09-07,33.635,31.214261631428574,0.9699999999999989,0.6527887980952656,1.0,0.9699999999999989,34.581999999999994
2012-08-31,31.37,30.56147283333331,2.264999999999997,2.191927089999975,1.0,2.264999999999997,33.611999999999995
2012-08-24,30.62,28.369545743333333,0.75,0.5567544957142587,1.0,0.75,31.346999999999994
2012-08-17,28.005,27.812791247619074,2.615000000000002,0.20876384523809222,1.0,2.615000000000002,30.596999999999994
2012-08-10,28.065,27.604027402380982,-0.060000000000002274,0.05904281666666833,1.0,-0.060000000000002274,27.981999999999992
2012-08-03,27.8,27.544984585714314,0.26500000000000057,0.6840777690477076,1.0,0.26500000000000057,28.041999999999994
2012-07-27,27.48,26.860906816666606,0.3200000000000003,-0.2308660000000664,-1.0,-0.3200000000000003,27.776999999999994
2012-07-20,27.28,27.091772816666673,0.1999999999999993,-0.22499356666669357,-1.0,-0.1999999999999993,28.096999999999994
2012-07-13,27.345,27.316766383333366,-0.06499999999999773,-0.04228726428569729,-1.0,0.06499999999999773,28.296999999999993
2012-07-06,26.89,27.359053647619064,0.4549999999999983,-0.08028758571421335,-1.0,-0.4549999999999983,28.231999999999996
2012-06-29,27.58,27.439341233333277,-0.6899999999999977,-0.3709617357143564,-1.0,0.6899999999999977,28.686999999999994
2012-06-22,26.66,27.810302969047633,0.9199999999999982,-0.4263184976190608,-1.0,-0.9199999999999982,27.996999999999996
2012-06-15,28.74,28.236621466666694,-2.0799999999999983,0.5390305476190775,1.0,-2.0799999999999983,28.916999999999994
2012-06-08,28.47,27.697590919047617,0.2699999999999996,-0.169299628571423,-1.0,-0.2699999999999996,30.996999999999993
2012-06-01,28.515,27.86689054761904,-0.045000000000001705,-0.3112568857142719,-1.0,0.045000000000001705,31.266999999999992
2012-05-25,28.37,28.17814743333331,0.14499999999999957,-0.5712066999999799,-1.0,-0.14499999999999957,31.22199999999999
2012-05-18,28.695,28.74935413333329,-0.3249999999999993,-1.0855489000000205,-1.0,0.3249999999999993,31.36699999999999
2012-05-11,28.86,29.834903033333312,-0.16499999999999915,-0.8177493599999934,-1.0,0.16499999999999915,31.04199999999999
2012-05-04,30.38,30.652652393333305,-1.5199999999999996,0.03568096190476666,1.0,-1.5199999999999996,30.876999999999992
2012-04-27,31.35,30.61697143142854,-0.9700000000000024,-0.6908080619047787,-1.0,0.9700000000000024,32.39699999999999
2012-04-20,31.644,31.307779493333317,-0.29399999999999693,0.4512229457142851,1.0,-0.29399999999999693,31.426999999999992
2012-04-13,31.38,30.856556547619032,0.26399999999999935,-1.1848328380952502,-1.0,-0.26399999999999935,31.72099999999999
2012-04-06,31.716,32.04138938571428,-0.3360000000000021,0.6349521690476045,1.0,-0.3360000000000021,31.98499999999999
2012-03-30,32.469,31.406437216666678,-0.7530000000000001,-0.14006018333332548,-1.0,0.7530000000000001,32.32099999999999
2012-03-23,32.25,31.546497400000003,0.2190000000000012,-1.9887826095238204,-1.0,-0.2190000000000012,31.56799999999999
2012-03-16,32.575,33.535280009523824,-0.32500000000000284,-0.5784076571427974,-1.0,0.32500000000000284,31.786999999999992
2012-03-09,34.175,34.11368766666662,-1.5999999999999943,-0.27958666666675924,-1.0,1.5999999999999943,31.46199999999999
2012-03-02,34.48,34.39327433333338,-0.3049999999999997,0.7966262761905725,1.0,-0.3049999999999997,29.861999999999995
2012-02-24,35.34,33.59664805714281,-0.8600000000000065,-0.11821428571430204,-1.0,0.8600000000000065,30.166999999999994
2012-02-17,33.215,33.71486234285711,2.125,-0.05876239047620402,-1.0,-2.125,29.306999999999988
2012-02-10,33.605,33.773624733333314,-0.38999999999999346,0.20133813333335127,1.0,-0.38999999999999346,31.431999999999988
2012-02-03,33.75,33.57228659999996,-0.14500000000000313,2.601977173333303,1.0,-0.14500000000000313,31.82199999999998
2012-01-27,33.75,30.97030942666666,-0.0,1.6152431733333685,1.0,-0.0,31.966999999999985
2012-01-20,31.65,29.35506625333329,2.1000000000000014,0.4454893399998774,1.0,2.1000000000000014,31.966999999999985
2012-01-13,29.495,28.909576913333414,2.1549999999999976,0.554296265714374,1.0,2.1549999999999976,29.866999999999983
2012-01-06,28.655,28.35528064761904,0.8399999999999999,0.2533643476189802,1.0,0.8399999999999999,27.711999999999986
2011-12-30,27.875,28.10191630000006,0.7800000000000011,-0.8985029833333051,-1.0,-0.7800000000000011,26.871999999999986
2011-12-23,29.045,29.000419283333365,-1.1700000000000017,-2.3476967166665688,-1.0,1.1700000000000017,27.651999999999987
2011-12-16,29.615,31.348115999999933,-0.5699999999999967,-0.7269654000001111,-1.0,0.5699999999999967,26.481999999999985
2011-12-09,32.175,32.075081400000045,-2.5599999999999987,0.4752448666667419,1.0,-2.5599999999999987,25.91199999999999
2011-12-02,32.62,31.599836533333303,-0.4450000000000003,-0.3391976666667169,-1.0,0.4450000000000003,28.471999999999987
2011-11-25,31.015,31.93903420000002,1.6049999999999969,-2.2150305952380585,-1.0,-1.6049999999999969,28.026999999999987
2011-11-18,32.42,34.15406479523808,-1.4050000000000011,0.06110521904762578,1.0,-1.4050000000000011,29.631999999999984
2011-11-11,34.685,34.09295957619045,-2.2650000000000006,0.16880681428562383,1.0,-2.2650000000000006,31.036999999999985
2011-11-04,34.085,33.92415276190483,0.6000000000000014,1.8822051047619723,1.0,0.6000000000000014,33.301999999999985
2011-10-28,35.29,32.041947657142856,-1.2049999999999983,0.13720122857142414,1.0,-1.2049999999999983,32.701999999999984
2011-10-21,31.195,31.904746428571432,4.094999999999999,0.6057841714285779,1.0,4.094999999999999,33.90699999999998
2011-10-14,32.175,31.298962257142854,-0.9799999999999969,-0.1230862714285621,-1.0,0.9799999999999969,29.811999999999987
2011-10-07,30.995,31.422048528571416,1.1799999999999962,-2.3671123476190274,-1.0,-1.1799999999999962,28.83199999999999
2011-09-30,30.085,33.789160876190444,0.9100000000000001,-2.0118383238095134,-1.0,-0.9100000000000001,30.011999999999986
2011-09-23,30.05,35.80099919999996,0.03500000000000014,3.7043783999999604,1.0,0.03500000000000014,30.921999999999986
2011-09-16,40.78,32.0966208,-10.73,-5.8252061799999595,-1.0,10.73,30.886999999999986
2011-09-09,41.575,37.921826979999956,-0.7950000000000017,-0.8151861152380775,-1.0,0.7950000000000017,20.156999999999986
2011-09-02,43.02,38.737013095238034,-1.4450000000000003,-1.7543047333333277,-1.0,1.4450000000000003,19.361999999999984
2011-08-26,40.955,40.49131782857136,2.065000000000005,2.120840061904673,1.0,2.065000000000005,17.916999999999984
2011-08-19,42.435,38.37047776666669,-1.480000000000004,0.059011433333417074,1.0,-1.480000000000004,15.851999999999979
2011-08-12,39.115,38.31146633333327,3.3200000000000003,-0.9769536999999673,-1.0,-3.3200000000000003,17.331999999999983
2011-08-05,38.21,39.28842003333324,0.9050000000000011,-0.4475723666667335,-1.0,-0.9050000000000011,20.651999999999983
2011-07-29,40.105,39.73599239999997,-1.894999999999996,1.7497260666665397,1.0,-1.894999999999996,21.556999999999984
2011-07-22,40.115,37.98626633333343,-0.010000000000005116,1.738761533333438,1.0,-0.010000000000005116,23.45199999999998
2011-07-15,39.065,36.247504799999994,1.0500000000000043,0.2047386000000273,1.0,1.0500000000000043,23.461999999999986
2011-07-08,36.535,36.04276619999997,2.530000000000001,1.0072011333333606,1.0,2.530000000000001,22.41199999999998
2011-07-01,33.695,35.03556506666661,2.8399999999999963,1.185851057142827,1.0,2.8399999999999963,19.88199999999998
2011-06-24,34.64,33.84971400952378,-0.9450000000000003,-3.1292992571429252,-1.0,0.9450000000000003,17.041999999999984
2011-06-17,35.75,36.979013266666705,-1.1099999999999994,0.002317933333330302,1.0,-1.1099999999999994,16.096999999999984
2011-06-10,36.33,36.976695333333375,-0.5799999999999983,2.011313883333372,1.0,-0.5799999999999983,17.206999999999983
2011-06-03,36.19,34.96538145,0.14000000000000057,0.11695378333335782,1.0,0.14000000000000057,17.78699999999998
2011-05-27,37.865,34.848427666666645,-1.6750000000000043,-0.6094795333333494,-1.0,1.6750000000000043,17.64699999999998
2011-05-20,35.085,35.457907199999994,2.780000000000001,-2.4688808000000293,-1.0,-2.780000000000001,15.971999999999976
2011-05-13,35.01,37.92678800000002,0.07500000000000284,-1.649505000000012,-1.0,-0.07500000000000284,18.751999999999978
2011-05-06,35.285,39.576293000000035,-0.2749999999999986,-3.080126800000073,-1.0,0.2749999999999986,18.82699999999998
2011-04-29,48.585,42.65641980000011,-13.300000000000004,6.6057549866667316,1.0,-13.300000000000004,18.551999999999982
2011-04-15,42.566,36.05066481333338,6.018999999999998,0.14287088000002512,1.0,6.018999999999998,31.851999999999986
2011-04-08,40.6,35.90779393333335,1.966000000000001,0.30785986666662524,1.0,1.966000000000001,25.832999999999988
2011-04-01,37.737,35.59993406666673,2.8629999999999995,1.9487299238095446,1.0,2.8629999999999995,23.866999999999987
2011-03-25,37.06,33.65120414285718,0.6769999999999996,-0.36284496952378475,-1.0,-0.6769999999999996,21.003999999999987
2011-03-18,35.06,34.01404911238097,2.0,-0.2579301714285691,-1.0,-2.0,21.680999999999987
2011-03-11,35.935,34.271979283809536,-0.875,2.3714957333333366,1.0,-0.875,23.680999999999987
2011-03-04,35.32,31.9004835504762,0.615000000000002,3.362678540952352,1.0,0.615000000000002,24.555999999999987
2011-02-25,32.9,28.537805009523847,2.4200000000000017,1.293876366666641,1.0,2.4200000000000017,23.940999999999985
2011-02-18,32.295,27.243928642857206,0.6049999999999969,0.2050648714286254,1.0,0.6049999999999969,21.520999999999983
2011-02-11,29.995,27.03886377142858,2.3000000000000007,0.8181959580952451,1.0,2.3000000000000007,20.915999999999986
2011-02-04,29.06,26.220667813333336,0.9350000000000023,-0.7731754533333302,-1.0,-0.9350000000000023,18.615999999999985
2011-01-28,27.92,26.993843266666666,1.139999999999997,-1.9670232933332947,-1.0,-1.139999999999997,19.550999999999988
2011-01-21,27.415,28.96086655999996,0.5050000000000026,0.38713162666663337,1.0,0.5050000000000026,20.690999999999985
2011-01-14,28.31,28.573734933333327,-0.8949999999999996,-0.8467343866666646,-1.0,0.8949999999999996,20.185999999999982
2011-01-07,28.66,29.42046931999999,-0.3500000000000014,1.590802280000009,1.0,-0.3500000000000014,19.290999999999983
2010-12-31,30.91,27.829667039999983,-2.25,-1.0559199599999616,-1.0,2.25,19.640999999999984
2010-12-17,29.113000000000003,28.885586999999944,1.796999999999997,0.015250788571385954,1.0,1.796999999999997,17.390999999999984
2010-12-10,28.576,28.870336211428558,0.5370000000000026,3.7581380652380716,1.0,0.5370000000000026,15.593999999999987
2010-12-03,29.241,25.112198146190487,-0.6649999999999991,-2.403331893809547,-1.0,0.6649999999999991,15.056999999999984
2010-11-26,26.699,27.515530040000034,2.541999999999998,0.8953028399999781,1.0,2.541999999999998,14.391999999999985
2010-11-19,27.179,26.620227200000055,-0.4799999999999969,-1.6304092666666747,-1.0,0.4799999999999969,11.849999999999987
2010-11-12,25.942,28.25063646666673,1.2369999999999983,3.503566466666726,1.0,1.2369999999999983,11.36999999999999
2010-11-05,26.748,24.747070000000004,-0.8060000000000009,1.0367042666666428,1.0,-0.8060000000000009,10.132999999999992
2010-10-29,24.564,23.71036573333336,2.184000000000001,-0.46736426666668507,-1.0,-2.184000000000001,10.938999999999993
2010-10-22,23.118,24.177730000000047,1.4460000000000015,0.6999272000000083,1.0,1.4460000000000015,13.122999999999994
2010-10-15,24.288,23.47780280000004,-1.1700000000000017,0.6629961999999843,1.0,-1.1700000000000017,11.676999999999992
2010-10-08,23.105,22.814806600000054,1.1829999999999998,0.267116040000019,1.0,1.1829999999999998,12.846999999999994
2010-10-01,22.06,22.547690560000035,1.0450000000000017,1.7668176166667031,1.0,1.0450000000000017,11.663999999999994
2010-09-24,21.383000000000006,20.780872943333332,0.6769999999999925,0.9635985833333542,1.0,0.6769999999999925,10.618999999999993
2010-09-17,20.79,19.817274359999978,0.5930000000000071,-0.09838600666670771,-1.0,-0.5930000000000071,9.942
2010-09-10,19.802,19.915660366666685,0.9879999999999995,0.9948349990476437,1.0,0.9879999999999995,10.535000000000007
2010-09-03,19.915,18.92082536761904,-0.11299999999999955,-0.03824656238096935,-1.0,0.11299999999999955,9.547000000000008
2010-08-27,19.039,18.95907193000001,0.8759999999999977,0.5164823666666827,1.0,0.8759999999999977,9.434000000000008
2010-08-20,17.991,18.44258956333333,1.0480000000000018,-1.2195996433333391,-1.0,-1.0480000000000018,8.55800000000001
2010-08-13,18.109,19.662189206666667,-0.1180000000000021,0.8958836057142889,1.0,-0.1180000000000021,9.606000000000012
2010-08-06,18.472,18.76630560095238,-0.36299999999999955,0.5583598633333011,1.0,-0.36299999999999955,9.724000000000014
2010-07-30,18.003,18.207945737619077,0.4690000000000012,0.06274848952380552,1.0,0.4690000000000012,10.087000000000014
2010-07-23,18.096,18.145197248095272,-0.09299999999999997,0.13200094380954752,1.0,-0.09299999999999997,9.618000000000013
2010-07-16,17.773,18.013196304285724,0.3230000000000004,-0.06326281999999495,-1.0,-0.3230000000000004,9.711000000000013
2010-07-09,18.053,18.07645912428572,-0.28000000000000114,-0.47607379904763647,-1.0,0.28000000000000114,10.034000000000013
2010-07-02,17.698,18.552532923333356,0.3550000000000004,-0.18967425999998255,-1.0,-0.3550000000000004,9.754000000000012
2010-06-25,19.11,18.74220718333334,-1.411999999999999,0.44927148333337286,1.0,-1.411999999999999,10.109000000000012
2010-06-18,19.184,18.292935699999965,-0.07400000000000162,0.463649600952337,1.0,-0.07400000000000162,11.521000000000011
2010-06-11,18.231,17.82928609904763,0.9529999999999994,-0.2495439242856996,-1.0,-0.9529999999999994,11.595000000000013
2010-06-04,17.299,18.078830023333328,0.9320000000000022,0.055181426666653266,1.0,0.9320000000000022,12.548000000000012
2010-05-28,18.422,18.023648596666675,-1.123000000000001,-0.9679299033333528,-1.0,1.123000000000001,11.61600000000001
2010-05-21,17.631,18.991578500000028,0.7910000000000004,0.6023842904762375,1.0,0.7910000000000004,10.49300000000001
2010-05-14,19.202,18.38919420952379,-1.5710000000000015,0.2059143376190491,1.0,-1.5710000000000015,9.702000000000009
2010-05-07,18.429,18.18327987190474,0.7730000000000032,0.014171146666651424,1.0,0.7730000000000032,11.27300000000001
2010-04-30,18.611,18.16910872523809,-0.18200000000000216,-0.29858206476190574,-1.0,0.18200000000000216,10.500000000000007
2010-04-23,18.189,18.467690789999995,0.4220000000000006,0.15154949666668216,1.0,0.4220000000000006,10.318000000000005
2010-04-16,17.669,18.316141293333313,0.5199999999999996,0.5593006799999607,1.0,0.5199999999999996,9.896000000000004
2010-04-09,18.34,17.756840613333353,-0.6709999999999994,0.9557548800000184,1.0,-0.6709999999999994,9.376000000000005
2010-03-26,16.894000000000002,16.801085733333334,1.445999999999998,-0.18321539999999104,-1.0,-1.445999999999998,10.047000000000004
2010-03-19,17.017,16.984301133333325,-0.12299999999999756,-1.5656214333333338,-1.0,0.12299999999999756,11.493000000000002
2010-03-12,17.024,18.54992256666666,-0.0070000000000014495,0.871790099999977,1.0,-0.0070000000000014495,11.370000000000005
2010-03-05,17.362000000000002,17.678132466666682,-0.33800000000000097,1.2520402066666954,1.0,-0.33800000000000097,11.377000000000006
2010-02-26,16.5,16.426092259999987,0.8620000000000019,0.6598845266666356,1.0,0.8620000000000019,11.715000000000007
2010-02-19,16.413,15.766207733333351,0.08699999999999974,-0.424086415238067,-1.0,-0.08699999999999974,10.853000000000005
2010-02-12,15.447,16.190294148571418,0.9660000000000011,-0.6134778380952461,-1.0,-0.9660000000000011,10.940000000000005
2010-02-05,14.83,16.803771986666664,0.6169999999999991,-0.5650568476190472,-1.0,-0.6169999999999991,11.906000000000006
2010-01-29,16.19,17.36882883428571,-1.3600000000000012,-0.9003535590476339,-1.0,1.3600000000000012,12.523000000000005
2010-01-22,16.918,18.269182393333345,-0.727999999999998,-0.09098565904759681,-1.0,0.727999999999998,11.163000000000004
2010-01-15,18.411,18.360168052380942,-1.493000000000002,1.2177519301586983,1.0,-1.493000000000002,10.435000000000006
2010-01-08,18.458,17.142416122222244,-0.046999999999997044,-0.6817563625396517,-1.0,0.046999999999997044,11.928000000000008
2009-12-18,17.305,17.824172484761895,1.1529999999999987,-3.363227348571435,-1.0,-1.1529999999999987,11.88100000000001
2009-12-11,17.084,21.18739983333333,0.22100000000000009,-4.625963457619054,-1.0,-0.22100000000000009,13.03400000000001
2009-12-04,18.496,25.813363290952385,-1.411999999999999,-0.797892483333321,-1.0,1.411999999999999,13.25500000000001
2009-11-27,18.302,26.611255774285706,0.19399999999999906,7.185599560952365,1.0,0.19399999999999906,11.84300000000001
2009-11-20,18.44,19.42565621333334,-0.13800000000000168,1.5485462433333517,1.0,-0.13800000000000168,11.649000000000012
2009-11-13,17.38,17.87710996999999,1.0600000000000023,1.088507541111074,1.0,1.0600000000000023,11.787000000000013
2009-11-06,17.375,16.788602428888915,0.004999999999999005,-0.46841856682538463,-1.0,-0.004999999999999005,10.727000000000011
2009-10-30,16.255,17.2570209957143,1.120000000000001,-0.768648604285719,-1.0,-1.120000000000001,10.73200000000001
2009-10-16,17.42,18.02566960000002,-1.1650000000000027,0.5954605266666775,1.0,-1.1650000000000027,11.852000000000011
2009-10-09,17.69,17.43020907333334,-0.2699999999999996,0.6461236882539723,1.0,-0.2699999999999996,13.017000000000014
2009-10-02,16.23,16.78408538507937,1.4600000000000009,-0.22793038158732415,-1.0,-1.4600000000000009,13.287000000000013
2009-09-25,16.038,17.012015766666693,0.19200000000000017,0.20746716666667808,1.0,0.19200000000000017,14.747000000000014
2009-09-18,17.043,16.804548600000015,-1.004999999999999,-0.007247504761885182,-1.0,1.004999999999999,14.555000000000014
2009-09-11,16.676,16.8117961047619,0.3670000000000009,1.5624891609523885,1.0,0.3670000000000009,13.550000000000015
2009-09-04,16.262999999999998,15.249306943809511,0.41300000000000026,1.0261786257142678,1.0,0.41300000000000026,13.183000000000014
2009-08-28,14.784,14.223128318095243,1.4789999999999974,-0.14685746952381074,-1.0,-1.4789999999999974,12.770000000000014
2009-08-21,14.164,14.369985787619054,0.620000000000001,-0.15115789428571347,-1.0,-0.620000000000001,14.249000000000011
2009-08-14,14.722,14.521143681904768,-0.5579999999999998,0.5226585752381094,1.0,-0.5579999999999998,14.869000000000012
2009-08-07,14.668,13.998485106666658,0.05400000000000027,0.0800301090476161,1.0,0.05400000000000027,15.427000000000012
2009-07-31,13.94,13.918454997619042,0.7279999999999998,0.3767711899999924,1.0,0.7279999999999998,15.373000000000012
2009-07-24,13.87,13.54168380761905,0.07000000000000028,-0.10293247238095127,-1.0,-0.07000000000000028,14.645000000000012
2009-07-17,13.398,13.644616280000001,0.47199999999999953,0.05288933333332224,1.0,0.47199999999999953,14.715000000000012
2009-07-10,12.637,13.591726946666679,0.7609999999999992,-0.7401506999999956,-1.0,-0.7609999999999992,14.243000000000013
2009-06-26,14.128,14.331877646666674,-1.4909999999999997,-0.5239105247618987,-1.0,1.4909999999999997,15.004000000000012
2009-06-19,14.2,14.855788171428573,-0.07199999999999918,-0.6914051952380884,-1.0,0.07199999999999918,13.513000000000012
2009-06-12,14.875,15.547193366666662,-0.6750000000000007,0.06989650000001646,1.0,-0.6750000000000007,13.441000000000013
2009-06-05,15.388,15.477296866666645,-0.5129999999999999,-1.5292144000000043,-1.0,0.5129999999999999,14.116000000000014
2009-05-29,15.61,17.00651126666665,-0.22199999999999953,2.5171725466666466,1.0,-0.22199999999999953,13.603000000000014
2009-05-22,14.683,14.489338720000003,0.9269999999999996,0.4074095923809544,1.0,0.9269999999999996,13.825000000000014
2009-05-15,13.99,14.081929127619048,0.6929999999999996,1.3705912209523756,1.0,0.6929999999999996,12.898000000000014
2009-05-08,13.935,12.711337906666673,0.054999999999999716,0.35319864000000933,1.0,0.054999999999999716,12.205000000000014
2009-05-01,12.48,12.358139266666663,1.455,0.5202490666666719,1.0,1.455,12.150000000000015
2009-04-24,12.915,11.837890199999991,-0.4349999999999987,-0.7291195333333391,-1.0,0.4349999999999987,10.695000000000014
2009-04-17,11.785,12.56700973333333,1.129999999999999,-0.37088220000000227,-1.0,-1.129999999999999,10.260000000000016
2009-04-03,12.725,12.937891933333333,-0.9399999999999995,-0.05149041333332782,-1.0,0.9399999999999995,11.390000000000015
2009-03-27,13.251,12.98938234666666,-0.5259999999999998,0.1786898799999861,1.0,-0.5259999999999998,10.450000000000015
2009-03-20,13.827,12.810692466666675,-0.5760000000000005,-0.42265710476189433,-1.0,0.5760000000000005,10.976000000000015
2009-03-13,13.23,13.233349571428569,0.5969999999999995,0.06935066666666323,1.0,0.5969999999999995,10.400000000000015
2009-03-06,13.323,13.163998904761906,-0.09299999999999997,-0.778286108571443,-1.0,0.09299999999999997,9.803000000000015
2009-02-27,13.085,13.942285013333349,0.23799999999999955,0.43431993523811663,1.0,0.23799999999999955,9.710000000000015
2009-02-20,14.49,13.507965078095232,-1.4049999999999994,0.3518566799999956,1.0,-1.4049999999999994,9.472000000000016
2009-02-13,13.625,13.156108398095236,0.8650000000000002,0.9854003847618955,1.0,0.8650000000000002,10.877000000000015
2009-02-06,13.16,12.170708013333341,0.46499999999999986,0.5369742800000079,1.0,0.46499999999999986,10.012000000000015
2009-01-30,12.565,11.633733733333333,0.5950000000000006,0.4130907333333269,1.0,0.5950000000000006,9.547000000000015
2009-01-23,11.932,11.220643000000006,0.6329999999999991,-0.3273708666666604,-1.0,-0.6329999999999991,8.952000000000014
2009-01-16,11.195,11.548013866666667,0.7370000000000001,-2.2204215866666654,-1.0,-0.7370000000000001,9.585000000000013
2009-01-09,11.295,13.768435453333332,-0.09999999999999964,0.7932048533333358,1.0,-0.09999999999999964,10.322000000000013
2009-01-02,11.465,12.975230599999996,-0.16999999999999993,-2.3689022000000026,-1.0,0.16999999999999993,10.422000000000013
2008-12-26,10.503,15.344132799999999,0.9619999999999997,4.02566013333333,1.0,0.9619999999999997,10.252000000000013
2008-12-19,10.819,11.318472666666668,-0.3160000000000007,1.3315893333333335,1.0,-0.3160000000000007,9.290000000000013
2008-12-12,10.199,9.986883333333335,0.620000000000001,0.03788771428571458,1.0,0.620000000000001,9.606000000000014
2008-12-05,9.401,9.94899561904762,0.798,0.17254824571428706,1.0,0.798,8.986000000000013
2008-11-28,10.185,9.776447373333333,-0.7840000000000007,-0.08730892666666712,-1.0,0.7840000000000007,8.188000000000013
2008-11-21,9.48,9.8637563,0.7050000000000001,-0.2752561857142837,-1.0,-0.7050000000000001,7.404000000000012
2008-11-14,9.49,10.139012485714284,-0.009999999999999787,0.09957373333333308,1.0,-0.009999999999999787,8.109000000000012
2008-11-07,9.963,10.039438752380951,-0.472999999999999,0.33947875238095193,1.0,-0.472999999999999,8.119000000000012
2008-10-31,9.73,9.699959999999999,0.23299999999999876,-0.4055918133333307,-1.0,-0.23299999999999876,8.592000000000011
2008-10-24,9.295,10.10555181333333,0.4350000000000005,-1.144411046666665,-1.0,-0.4350000000000005,8.82500000000001
2008-10-17,9.335,11.249962859999995,-0.040000000000000924,-1.1486868333333327,-1.0,0.040000000000000924,9.26000000000001
2008-10-10,10.6,12.398649693333327,-1.2649999999999988,-0.5223739500000022,-1.0,1.2649999999999988,9.22000000000001
2008-10-03,11.325,12.92102364333333,-0.7249999999999996,-0.5669450333333348,-1.0,0.7249999999999996,7.955000000000011
2008-09-26,13.458,13.487968676666664,-2.133000000000001,-0.23736906666666435,-1.0,2.133000000000001,7.230000000000011
2008-09-19,12.425,13.725337743333329,1.0329999999999995,-1.2124120233333464,-1.0,-1.0329999999999995,5.09700000000001
2008-09-12,10.735,14.937749766666675,1.6900000000000013,1.184787740000008,1.0,1.6900000000000013,6.13000000000001
2008-09-05,12.245,13.752962026666667,-1.5099999999999998,-0.18624596666666626,-1.0,1.5099999999999998,4.440000000000008
2008-08-29,13.607,13.939207993333333,-1.362,-0.2265243876190688,-1.0,1.362,2.9300000000000086
2008-08-22,13.477,14.165732380952402,0.129999999999999,-1.100889685238073,-1.0,-0.129999999999999,1.5680000000000085
2008-08-15,12.815,15.266622066190475,0.6620000000000008,-1.6285735571428717,-1.0,-0.6620000000000008,1.6980000000000075
2008-08-08,15.33,16.895195623333347,-2.5150000000000006,-0.4273273742857029,-1.0,2.5150000000000006,2.3600000000000083
2008-08-01,17.52,17.32252299761905,-2.1899999999999995,-0.2031187990476333,-1.0,2.1899999999999995,-0.15499999999999226
2008-07-25,17.325,17.525641796666683,0.19500000000000028,-0.72220819857138,-1.0,-0.19500000000000028,-2.3449999999999918
2008-07-18,18.135,18.247849995238063,-0.8100000000000023,0.3759769095237466,1.0,-0.8100000000000023,-2.1499999999999915
2008-07-11,18.745,17.871873085714316,-0.6099999999999994,0.8301034357143138,1.0,-0.6099999999999994,-1.3399999999999892
2008-06-27,17.62,17.041769650000003,1.125,0.13744900428571327,1.0,1.125,-0.7299999999999898
2008-06-20,17.397000000000002,16.90432064571429,0.22299999999999898,-0.16513166873015095,-1.0,-0.22299999999999898,-1.8549999999999898
2008-06-13,16.56,17.06945231444444,0.8370000000000033,0.2533408677777942,1.0,0.8370000000000033,-1.6319999999999908
2008-06-06,17.43,16.816111446666646,-0.870000000000001,-1.0797054276190572,-1.0,0.870000000000001,-2.468999999999994
2008-05-30,16.865,17.895816874285703,0.5650000000000013,0.5625617476190428,1.0,0.5650000000000013,-3.338999999999995
2008-05-23,18.241,17.33325512666666,-1.3760000000000012,0.5412519157142839,1.0,-1.3760000000000012,-3.9039999999999964
2008-05-16,16.904,16.792003210952377,1.3369999999999997,0.06580819714286434,1.0,1.3369999999999997,-2.527999999999995
2008-05-09,16.843,16.726195013809512,0.06099999999999994,-0.25372404047621444,-1.0,-0.06099999999999994,-3.864999999999995
2008-05-02,16.381,16.979919054285727,0.46199999999999974,-0.9670591071428412,-1.0,-0.46199999999999974,-3.803999999999995
2008-04-25,16.846,17.946978161428568,-0.46499999999999986,0.14949125380951145,1.0,-0.46499999999999986,-3.341999999999995
2008-04-18,17.802,17.797486907619056,-0.9559999999999995,0.12873982523811023,1.0,-0.9559999999999995,-2.8769999999999953
2008-04-11,17.668,17.668747082380946,0.13400000000000034,-1.167688697619088,-1.0,-0.13400000000000034,-1.9209999999999958
2008-04-04,17.722,18.836435780000034,-0.054000000000002046,-1.1259411366666292,-1.0,0.054000000000002046,-1.7869999999999955
2008-03-28,17.9,19.962376916666663,-0.17799999999999727,-1.0651726600000124,-1.0,0.17799999999999727,-1.8409999999999975
2008-03-14,20.574,21.027549576666676,-2.674000000000003,3.620817806825407,1.0,-2.674000000000003,-2.018999999999995
2008-03-07,20.158,17.40673176984127,0.41600000000000037,-0.42320571349205593,-1.0,-0.41600000000000037,0.6550000000000082
2008-02-29,19.808,17.829937483333325,0.3500000000000014,0.5448966166666658,1.0,0.3500000000000014,1.0710000000000086
2008-02-22,18.035,17.28504086666666,1.7729999999999997,0.029753711111109027,1.0,1.7729999999999997,0.7210000000000072
2008-02-15,17.118,17.25528715555555,0.9170000000000016,0.2977431031745894,1.0,0.9170000000000016,-1.0519999999999925
2008-02-08,17.11,16.95754405238096,0.007999999999999119,-0.5796529884126933,-1.0,-0.007999999999999119,-1.968999999999994
2008-02-01,16.87,17.537197040793654,0.23999999999999844,1.4286706407936478,1.0,0.23999999999999844,-1.960999999999995
2008-01-25,16.428,16.108526400000006,0.44200000000000017,0.08629050000002181,1.0,0.44200000000000017,-2.2009999999999934
2008-01-18,16.137999999999998,16.022235899999984,0.2900000000000027,0.15691169999999133,1.0,0.2900000000000027,-2.6429999999999936
2008-01-11,16.273,15.865324199999993,-0.13500000000000156,-1.2080692200000094,-1.0,0.13500000000000156,-2.9329999999999963
2008-01-04,15.345999999999998,17.073393420000002,0.9270000000000014,2.2936927933333227,1.0,0.9270000000000014,-3.067999999999998
2007-12-28,14.77,14.77970062666668,0.5759999999999987,0.09252213333334325,1.0,0.5759999999999987,-3.994999999999999
2007-12-21,14.345999999999998,14.687178493333336,0.42400000000000126,0.011443143333343286,1.0,0.42400000000000126,-4.570999999999998
2007-12-14,13.826,14.675735349999993,0.5199999999999978,0.3199809499999944,1.0,0.5199999999999978,-4.994999999999999
2007-12-07,14.325,14.355754399999999,-0.4989999999999988,-0.38495457857143656,-1.0,0.4989999999999988,-5.514999999999997
2007-11-30,13.963,14.740708978571435,0.3620000000000001,0.010249258571432662,1.0,0.3620000000000001,-6.013999999999996
2007-11-23,14.735,14.730459720000002,-0.7720000000000002,-0.6536594100000066,-1.0,0.7720000000000002,-6.375999999999996
2007-11-16,14.51,15.384119130000009,0.22499999999999964,0.4141634500000073,1.0,0.22499999999999964,-7.147999999999996
2007-11-09,15.545,14.969955680000002,-1.0350000000000001,0.5015077657142815,1.0,-1.0350000000000001,-7.372999999999996
2007-11-02,14.599,14.46844791428572,0.9459999999999997,0.7070189600000205,1.0,0.9459999999999997,-6.337999999999996
2007-10-26,14.28,13.7614289542857,0.31900000000000084,-0.06814993333333419,-1.0,-0.31900000000000084,-7.283999999999995
2007-10-19,13.635,13.829578887619034,0.6449999999999996,0.12744623999999227,1.0,0.6449999999999996,-6.9649999999999945
2007-10-12,13.903,13.702132647619042,-0.2680000000000007,0.07321277142856708,1.0,-0.2680000000000007,-7.609999999999994
2007-10-05,13.49,13.628919876190475,0.41300000000000026,0.11444398984127346,1.0,0.41300000000000026,-7.341999999999993
2007-09-28,13.92,13.514475886349201,-0.4299999999999997,0.6277108930158715,1.0,-0.4299999999999997,-7.754999999999994
2007-09-21,13.475,12.88676499333333,0.4450000000000003,0.3279568333333298,1.0,0.4450000000000003,-7.324999999999994
2007-09-14,12.545,12.55880816,0.9299999999999997,0.4456666433333325,1.0,0.9299999999999997,-7.769999999999994
2007-09-07,12.595,12.113141516666667,-0.05000000000000071,0.10622006666667083,1.0,-0.05000000000000071,-8.699999999999994
2007-08-31,12.065,12.006921449999997,0.5300000000000011,-0.1710666166666659,-1.0,-0.5300000000000011,-8.649999999999993
2007-08-24,11.94,12.177988066666662,0.125,-0.8291112047619027,-1.0,-0.125,-8.119999999999992
2007-08-17,11.8,13.007099271428565,0.1399999999999988,-0.3129357885714317,-1.0,-0.1399999999999988,-7.994999999999992
2007-08-10,12.87,13.320035059999997,-1.0699999999999985,0.09733699809523522,1.0,-1.0699999999999985,-7.854999999999993
2007-08-03,13.16,13.222698061904762,-0.2900000000000009,-0.16466166476191724,-1.0,0.2900000000000009,-6.784999999999995
2007-07-27,12.645,13.387359726666679,0.5150000000000006,0.1862692680952449,1.0,0.5150000000000006,-7.074999999999996
2007-07-20,13.315,13.201090458571434,-0.6699999999999999,0.32970036190477003,1.0,-0.6699999999999999,-7.589999999999996
2007-07-13,13.01,12.871390096666664,0.3049999999999997,0.3674890700000013,1.0,0.3049999999999997,-6.919999999999996
2007-07-06,12.65,12.503901026666663,0.35999999999999943,-0.4843379600000013,-1.0,-0.35999999999999943,-7.224999999999996
2007-06-29,12.355,12.988238986666664,0.29499999999999993,-0.298160799999998,-1.0,-0.29499999999999993,-6.864999999999997
2007-06-22,13.05,13.286399786666662,-0.6950000000000003,0.05121472031746066,1.0,-0.6950000000000003,-6.569999999999997
2007-06-15,13.26,13.235185066349201,-0.20999999999999908,-0.21756785365080056,-1.0,0.20999999999999908,-5.8749999999999964
2007-06-08,13.095,13.452752920000002,0.16499999999999915,0.5305184533333307,1.0,0.16499999999999915,-6.0849999999999955
2007-06-01,13.74,12.922234466666671,-0.6449999999999996,0.37924933333333755,1.0,-0.6449999999999996,-6.249999999999995
2007-05-25,12.92,12.542985133333334,0.8200000000000003,-0.6023267599999986,-1.0,-0.8200000000000003,-5.604999999999995
2007-05-18,12.955,13.145311893333332,-0.03500000000000014,0.03630089666666336,1.0,-0.03500000000000014,-4.784999999999995
2007-05-11,13.215,13.109010996666669,-0.2599999999999998,-0.20433996333334292,-1.0,0.2599999999999998,-4.749999999999995
2007-05-04,13.435,13.313350960000012,-0.22000000000000064,-0.36726908777776934,-1.0,0.22000000000000064,-5.0099999999999945
2007-04-27,13.49,13.680620047777781,-0.054999999999999716,-0.1553977076190609,-1.0,0.054999999999999716,-5.229999999999995
2007-04-20,13.938,13.836017755396842,-0.4480000000000004,0.22666497952382691,1.0,-0.4480000000000004,-5.284999999999995
2007-04-13,14.058,13.609352775873015,-0.11999999999999922,0.3862466761904795,1.0,-0.11999999999999922,-4.836999999999994
2007-04-06,13.745,13.223106099682536,0.3130000000000006,0.05160774158729886,1.0,0.3130000000000006,-4.716999999999995
2007-03-30,13.39,13.171498358095237,0.35499999999999865,0.07553735619047863,1.0,0.35499999999999865,-5.029999999999996
2007-03-23,13.325,13.095961001904758,0.06500000000000128,0.0975309904761783,1.0,0.06500000000000128,-5.3849999999999945
2007-03-16,13.12,12.99843001142858,0.20500000000000007,-0.24647430666665926,-1.0,-0.20500000000000007,-5.449999999999996
2007-03-09,13.0,13.244904318095239,0.11999999999999922,-0.9793093485714071,-1.0,-0.11999999999999922,-5.244999999999996
2007-03-02,12.91,14.224213666666646,0.08999999999999986,0.310580799999995,1.0,0.08999999999999986,-5.1249999999999964
2007-02-23,14.565,13.913632866666651,-1.6549999999999994,0.4629544266666574,1.0,-1.6549999999999994,-5.214999999999996
2007-02-16,13.99,13.450678439999994,0.5749999999999993,0.11587683238095181,1.0,0.5749999999999993,-3.559999999999997
2007-02-09,13.88,13.334801607619042,0.10999999999999943,0.10462496000000421,1.0,0.10999999999999943,-4.134999999999996
2007-02-02,13.43,13.230176647619038,0.45000000000000107,0.2711199219047593,1.0,0.45000000000000107,-4.244999999999996
2007-01-26,13.31,12.959056725714278,0.11999999999999922,0.4005505257142765,1.0,0.11999999999999922,-4.694999999999997
2007-01-19,12.845,12.558506200000002,0.46499999999999986,-0.003949239999998966,-1.0,-0.46499999999999986,-4.814999999999996
2007-01-12,12.8,12.56245544,0.04499999999999993,-0.48829406666666486,-1.0,-0.04499999999999993,-4.349999999999996
2007-01-05,12.13,13.050749506666666,0.6699999999999999,0.33245276000000423,1.0,0.6699999999999999,-4.304999999999996
2006-12-29,12.82,12.718296746666661,-0.6899999999999995,-0.1746460285714413,-1.0,0.6899999999999995,-4.974999999999996
2006-12-22,12.508,12.892942775238103,0.31200000000000117,-0.7425407314285728,-1.0,-0.31200000000000117,-5.664999999999996
2006-12-15,12.823,13.635483506666676,-0.3150000000000013,-0.18313582666665162,-1.0,0.3150000000000013,-5.352999999999994
2006-12-08,13.719,13.818619333333327,-0.895999999999999,0.42750922857143436,1.0,-0.895999999999999,-5.667999999999996
2006-12-01,14.005999999999998,13.391110104761893,-0.28699999999999903,0.13311520571427948,1.0,-0.28699999999999903,-4.771999999999997
2006-11-24,13.665,13.257994899047613,0.3409999999999993,0.32177581142856226,1.0,0.3409999999999993,-4.484999999999998
2006-11-17,12.8,12.936219087619051,0.8649999999999984,0.16896608952381698,1.0,0.8649999999999984,-4.825999999999997
2006-11-10,13.115,12.767252998095234,-0.3149999999999995,0.4677679580952372,1.0,-0.3149999999999995,-5.690999999999995
2006-11-03,12.635,12.299485039999997,0.4800000000000004,0.268325306666668,1.0,0.4800000000000004,-5.375999999999996
2006-10-27,12.08,12.031159733333329,0.5549999999999997,0.28374186666667,1.0,0.5549999999999997,-5.855999999999996
2006-10-20,11.965,11.747417866666659,0.11500000000000021,0.7765970266666606,1.0,0.11500000000000021,-6.410999999999996
2006-10-13,11.68,10.970820839999998,0.28500000000000014,-0.0033264800000001316,-1.0,-0.28500000000000014,-6.525999999999996
2006-10-06,11.175,10.974147319999998,0.504999999999999,-0.17841232000000318,-1.0,-0.504999999999999,-6.240999999999996
2006-09-29,11.54,11.152559640000002,-0.36499999999999844,0.23105721142857405,1.0,-0.36499999999999844,-5.735999999999997
2006-09-22,11.202,10.921502428571428,0.3379999999999992,-0.8602367714285712,-1.0,-0.3379999999999992,-5.370999999999999
2006-09-15,10.76,11.781739199999999,0.44200000000000017,-0.9104045733333201,-1.0,-0.44200000000000017,-5.0329999999999995
2006-09-08,12.163,12.692143773333319,-1.4030000000000005,0.37123665333332134,1.0,-1.4030000000000005,-4.590999999999999
2006-09-01,12.955,12.320907119999998,-0.7919999999999998,-0.05449365333333489,-1.0,0.7919999999999998,-3.187999999999999
2006-08-25,12.37,12.375400773333332,0.5850000000000009,-0.09569115999999589,-1.0,-0.5850000000000009,-3.9799999999999986
2006-08-18,12.03,12.471091933333328,0.33999999999999986,0.09865077333332373,1.0,0.33999999999999986,-3.394999999999998
2006-08-11,11.885,12.372441160000005,0.14499999999999957,0.7087217600000066,1.0,0.14499999999999957,-3.7349999999999977
2006-08-04,12.485,11.663719399999998,-0.5999999999999996,0.6202694380952316,1.0,-0.5999999999999996,-3.8799999999999972
2006-07-28,11.365,11.043449961904766,1.1199999999999992,-0.11065967809523869,-1.0,-1.1199999999999992,-3.2799999999999976
2006-07-21,10.785,11.154109640000005,0.5800000000000001,-0.1194722933333221,-1.0,-0.5800000000000001,-2.1599999999999984
2006-07-14,11.45,11.273581933333327,-0.6649999999999991,0.5401786933333259,1.0,-0.6649999999999991,-1.5799999999999983
2006-07-07,11.325,10.733403240000001,0.125,0.24067577333333645,1.0,0.125,-0.9149999999999991
2006-06-30,10.833,10.492727466666665,0.4919999999999991,-0.28316090666667115,-1.0,-0.4919999999999991,-1.0399999999999991
2006-06-23,10.285,10.775888373333336,0.548,-2.521270845714282,-1.0,-0.548,-0.548
2006-06-16,10.13,13.297159219047618,0.15499999999999936,,,,
